{"VER": {"distance": [22.636111111111113, 222.85833333333335, 399.76944444444445, 517.8805555555555, 611.1916666666666, 747.7027777777777, 889.4805555555555, 987.0583333333335, 1095.7133333333336, 1271.8577777777775, 1437.1577777777775, 1675.3022222222216, 1882.9688888888884, 2061.123611111111, 2295.5680555555555, 2421.409444444444, 2519.8872222222217, 2657.4872222222225, 2754.1427777777785, 2884.6538888888895, 3056.8383333333345, 3221.016111111112, 3310.2272222222227, 3431.033888888889, 3590.244444444444, 3723.4374999999995, 3892.6486111111103, 4090.556111111109], "speed": [290.0, 299.0, 289.0, 119.0, 153.0, 223.0, 180.0, 136.0, 183.0, 255.0, 278.0, 289.0, 249.0, 263.0, 235.0, 120.0, 157.0, 118.0, 157.0, 229.0, 263.0, 151.0, 101.0, 177.0, 217.0, 210.0, 254.0, 276.0], "gear": [7, 8, 8, 4, 4, 5, 5, 4, 4, 6, 7, 7, 7, 7, 6, 4, 4, 4, 4, 5, 6, 4, 3, 4, 5, 5, 6, 7]}, "ALO": {"distance": [13.085277777777778, 267.31222222222226, 465.90250000000003, 551.3883333333334, 660.4994444444444, 819.8130555555556, 946.1097222222223, 1066.8444444444444, 1204.1413888888892, 1382.7636111111115, 1592.9400000000003, 1794.7530555555556, 1983.0530555555556, 2168.4127777777776, 2320.090555555555, 2439.591111111112, 2523.038333333334, 2629.360555555556, 2708.3947222222228, 2855.7197222222226, 3009.819722222223, 3196.712222222223, 3320.9566666666674, 3395.995000000001, 3525.581388888889, 3689.8702777777776, 3831.290833333332, 4020.0908333333323], "speed": [289.0, 301.0, 184.0, 109.0, 198.0, 224.0, 172.0, 155.0, 229.0, 275.0, 287.0, 250.0, 245.0, 227.0, 231.0, 110.0, 163.0, 147.0, 114.0, 215.0, 255.0, 233.0, 109.0, 132.0, 224.0, 180.0, 236.0, 265.0], "gear": [8, 8, 7, 3, 5, 6, 4, 3, 6, 7, 8, 7, 7, 6, 6, 3, 4, 4, 3, 5, 7, 7, 3, 3, 6, 5, 6, 7]}, "HAM": {"distance": [5.884166666666666, 252.4163888888889, 472.6275, 582.9719444444445, 713.9386111111111, 858.1702777777775, 976.4441666666662, 1068.6330555555553, 1246.012777777777, 1486.4238888888888, 1693.1702777777775, 1870.4236111111106, 2035.634722222222, 2202.732777777777, 2355.9438888888876, 2452.206666666665, 2547.70472222222, 2654.7380555555533, 2735.84722222222, 2854.4955555555525, 3001.2955555555527, 3212.3758333333312, 3295.5202777777763, 3361.8463888888878, 3510.056388888887, 3654.48972222222, 3847.710277777776, 4074.343611111109], "speed": [307.0, 322.0, 189.0, 118.0, 216.0, 187.0, 148.0, 155.0, 244.0, 282.0, 287.0, 230.0, 240.0, 208.0, 189.0, 110.0, 175.0, 126.0, 136.0, 218.0, 256.0, 169.0, 119.0, 104.0, 219.0, 181.0, 244.0, 283.0], "gear": [8, 8, 8, 3, 5, 5, 4, 4, 6, 8, 8, 7, 7, 6, 6, 4, 4, 4, 4, 5, 7, 7, 4, 3, 5, 5, 6, 8]}, "LEC": {"distance": [20.680833333333332, 220.0772222222222, 453.09944444444443, 542.0552777777779, 645.6066666666667, 807.8211111111108, 934.6002777777775, 1031.2002777777775, 1137.4869444444437, 1375.633055555555, 1579.8663888888884, 1767.6583333333328, 1937.213888888888, 2160.1986111111105, 2315.0319444444435, 2404.09861111111, 2488.683333333332, 2616.632222222221, 2704.2513888888875, 3168.8402777777756, 3251.454166666665, 3312.9911111111096, 3432.868888888888, 3579.8552777777777, 3731.5441666666666, 3930.0844444444438, 4159.181111111111], "speed": [299.0, 309.0, 176.0, 102.0, 178.0, 208.0, 147.0, 124.0, 199.0, 273.0, 289.0, 249.0, 228.0, 207.0, 206.0, 113.0, 134.0, 131.0, 114.0, 180.0, 109.0, 94.0, 199.0, 183.0, 212.0, 263.0, 291.0], "gear": [8, 8, 5, 3, 4, 6, 4, 4, 5, 7, 7, 6, 6, 6, 5, 3, 3, 4, 3, 5, 3, 3, 5, 5, 5, 7, 7]}, "SAI": {"distance": [1.2208333333333332, 252.8761111111111, 454.5761111111111, 538.3094444444444, 660.3252777777776, 820.4030555555552, 946.8208333333331, 1045.791111111111, 1202.4799999999998, 1365.4633333333327, 1563.9855555555553, 1743.9394444444445, 1945.5197222222218, 2126.519722222222, 2253.2091666666665, 2395.120277777777, 2468.8424999999997, 2589.3627777777774, 2670.3627777777774, 2772.8658333333337, 2943.0341666666673, 3111.823055555556, 3251.5491666666667, 3328.938055555556, 3418.4519444444454, 3555.1280555555554, 3716.0947222222226, 3871.793888888889, 4056.393888888889], "speed": [293.0, 307.0, 198.0, 109.0, 189.0, 209.0, 170.0, 134.0, 232.0, 274.0, 290.0, 274.0, 235.0, 247.0, 210.0, 131.0, 122.0, 162.0, 111.0, 161.0, 245.0, 272.0, 122.0, 95.0, 168.0, 234.0, 201.0, 249.0, 273.0], "gear": [7, 8, 8, 3, 5, 5, 5, 4, 6, 7, 7, 7, 6, 6, 6, 4, 4, 4, 3, 4, 6, 7, 3, 3, 4, 6, 5, 6, 7]}, "NOR": {"distance": [3.812222222222222, 201.91222222222225, 416.40055555555557, 528.8338888888889, 693.9861111111111, 829.5972222222223, 976.9044444444445, 1086.6044444444444, 1238.6377777777775, 1426.8327777777774, 1625.855, 1826.1502777777775, 2008.316944444444, 2227.1647222222223, 2354.8133333333335, 2441.935555555556, 2540.6286111111117, 2646.786944444445, 2739.686944444445, 2877.5702777777783, 3061.9925000000003, 3240.461666666667, 3316.2833333333333, 3417.122777777777, 3548.0847222222214, 3696.984722222223, 3897.2805555555556, 4073.6619444444445], "speed": [292.0, 302.0, 258.0, 111.0, 209.0, 206.0, 145.0, 167.0, 243.0, 276.0, 288.0, 242.0, 247.0, 212.0, 172.0, 106.0, 174.0, 130.0, 136.0, 226.0, 274.0, 137.0, 105.0, 161.0, 233.0, 191.0, 259.0, 284.0], "gear": [7, 8, 6, 3, 5, 5, 3, 4, 6, 7, 7, 6, 6, 5, 4, 3, 3, 3, 3, 5, 7, 3, 3, 3, 6, 5, 6, 7]}}